CLASS,LOINC code,RankOrder,LOINC long common name,LOINC short name ,COMPONENT,PROPERTY,TM,SPCMN,SCALE,METHOD,IncompleteName,Example Units (UCUM) ,Usually not performed at a referral lab (X),Comments
Blood Bk,34530-6,109,ABO & Rh group panel in Blood,ABO + Rh Pnl Bld,ABO & Rh group panel,-0,Pt,Bld,-0,,"ABO and Rh blood typing, blood",,,
Blood Bk,883-9,177,ABO group [Type] in Blood,ABO Group Bld,ABO group,Type,Pt,Bld,Nom,,ABO blood group typing,,,
Blood Bk,890-4,184,Blood group antibody screen [Presence] in Serum or Plasma,Bld gp Ab Scn SerPl Ql,Blood group antibody screen�,ACnc�,Pt�,Ser/Plas�,Ord�,,"Blood group antibody screen, serum or plasma�",,,
Blood Bk,34532-2,126,Blood type & Indirect antibody screen panel in Blood,Type + Ab Scn Pnl Bld,Blood type & Indirect antibody screen panel,-0,Pt,Bld,-0,,"Type and Screen, blood",,,
Blood Bk,1003-3,108,Indirect antiglobulin test.complement specific reagent [Presence] in Serum or Plasma,IAT Comp-Sp Reag SerPl Ql,Indirect antiglobulin test.complement specific reagent,ACnc,Pt,Ser/Plas,Ord,,"Indirect Coombs, serum or plasma",,,
Blood Bk,10331-7,190,Rh [Type] in Blood,Rh Bld,Rh�,Type�,Pt�,Bld�,Nom�,,"Rh, blood",,,
Blood Bk,1314-4,170,Rh immune globulin screen [interpretation],Rh Ig Scn Bld-Imp,Rh immune globulin screen,Imp,Pt,Bld,Nom,,"Rh immune globulin screen, blood",,,
CHEM,53835-5,308,"1,5-Anhydroglucitol [Mass/volume] in Serum or Plasma","1,5-Anhydroglucitol SerPl-mCnc","1,5-Anhydroglucitol�",MCnc�,Pt�,Ser/Plas�,Qn�,,"1,5-Anhydroglucitol, serum or plasma ",ug/mL,,
CHEM,1668-3,297,17-Hydroxyprogesterone [Mass/volume] in Serum or Plasma,17OHP SerPl-mCnc,17-Hydroxyprogesterone�,MCnc�,Pt�,Ser/Plas�,Qn�,,"17-Hydroxyprogesterone, serum or plasma",ng/dL,,
CHEM,1742-6,80,Alanine aminotransferase [Enzymatic activity/volume] in Serum or Plasma,ALT SerPl-cCnc,Alanine aminotransferase,CCnc,Pt,Ser/Plas,Qn,,"Alanine aminotransferase, serum or plasma",U/L,,
CHEM,1751-7,210,Albumin [Mass/volume] in Serum or Plasma,Albumin SerPl-mCnc,Albumin,MCnc,Pt,Ser/Plas,Qn,,"Albumin, serum or plasma",g/dL,,
CHEM,1761-6,285,Aldolase [Enzymatic activity/volume] in Serum or Plasma,Aldolase SerPl-cCnc,Aldolase�,CCnc�,Pt�,Ser/Plas�,Qn�,,"Aldolase, serum or plasma",U/L,,
CHEM,1763-2,291,Aldosterone [Mass/volume] in Serum or Plasma,Aldost SerPl-mCnc,Aldosterone�,MCnc�,Pt�,Ser/Plas�,Qn�,,"Aldosterone, serum or plasma",ng/dL,,
CHEM,6768-6,254,Alkaline phosphatase [Enzymatic activity/volume] in Serum or Plasma,ALP SerPl-cCnc,Alkaline phosphatase�,CCnc�,Pt�,Ser/Plas�,Qn�,,"Alkaline phosphatase, serum or plasma",U/L,,
CHEM,1834-1,203,Alpha-1-Fetoprotein [Mass/volume] in Serum or Plasma,AFP SerPl-mCnc,Alpha-1-Fetoprotein,MCnc,Pt,Ser/Plas,Qn,,"Alpha-1-Fetoprotein, serum or plasma",ng/mL,,
CHEM,53962-7,202,Alpha-1-fetoprotein.tumor marker [Mass/volume] in Serum or Plasma,AFP-TM SerPl-mCnc,Alpha-1-Fetoprotein.tumor marker,MCnc,Pt,Ser/Plas,Qn,,"Alpha-1-fetoprotein.tumor marker, serum or plasma",ng/mL,,
CHEM,16362-6,185,Ammonia [Moles/volume] in Plasma,Ammonia Plas-sCnc,Ammonia,SCnc,Pt,Plas�,Qn,,"Ammonia [molar concentration, Plasma",umol/L,,
CHEM,1798-8,68,Amylase [Enzymatic activity/volume] in Serum or Plasma,Amylase SerPl-cCnc,Amylase,CCnc,Pt,Ser/Plas,Qn,,"Amylase, serum or plasma",U/L,,
CHEM,2742-5,250,Angiotensin converting enzyme [Enzymatic activity/volume] in Serum or Plasma,ACE SerPl-cCnc,Angiotensin converting enzyme,CCnc,Pt,Ser/Plas,Qn,U/L;units/L,"Angiotensin converting enzyme, serum or plasma",U/L,,
CHEM,1920-8,102,Aspartate aminotransferase [Enzymatic activity/volume] in Serum or Plasma,AST SerPl-cCnc,Aspartate aminotransferase,CCnc,Pt,Ser/Plas,Qn,,"Aspartate aminotransferase ( AST), serum or plasma",U/L,,
CHEM,1952-1,293,Beta-2-Microglobulin [Mass/volume] in Serum,B2 Microglob Ser-mCnc,Beta-2-Microglobulin�,MCnc�,Pt�,Ser�,Qn�,,"Beta 2 Microglobulin, serum",,,
CHEM,1968-7,154,Bilirubin.direct [Mass/volume] in Serum or Plasma,Bilirub Direct SerPl-mCnc,Bilirubin.glucuronidated+Bilirubin.albumin bound,MCnc,Pt,Ser/Plas,Qn,,"Bilirubin direct, serum or plasma",mg/dL,,
CHEM,1975-2,221,Bilirubin.total [Mass/volume] in Serum or Plasma,Bilirub SerPl-mCnc,Bilirubin�,MCnc�,Pt�,Ser/Plas�,Qn�,,"Bilirubin, Total, serum or plasma",mg/dL,,
CHEM,1986-9,276,C peptide [Mass/volume] in Serum or Plasma,C peptide SerPl-mCnc,C peptide�,MCnc�,Pt�,Ser/Plas�,Qn�,,"C Peptide, serum or plasma",,,
CHEM,1988-5,117,C reactive protein [Mass/volume] in Serum or Plasma,CRP SerPl-mCnc,C reactive protein,MCnc,Pt,Ser/Plas,Qn,,"C Reactive Protein, serum or plasma",mg/L,,Used to track inflammatory diseases like rheumatoid arthritis
CHEM,30522-7,273,C reactive protein [Mass/volume] in Serum or Plasma by High sensitivity method,CRP SerPl HS-mCnc,C reactive protein,MCnc,Pt,Ser/Plas,Qn,high sensitivity,C Reactive protein high sensitivity,mg/L,,Risk factor for cardiovascular disease
CHEM,49590-3,132,Calcidiol & Calciferol panel in Serum or Plasma,"Vit D25+D1,25 OH Pnl SerPl",Calcidiol & Calciferol panel�,_,Pt,Ser/Plas,_,,"Vitamin D - 2 test panel, serum or plasma",,,
CHEM,1989-3,40,Calcidiol [Mass/volume] in Serum or Plasma,25(OH)D3 SerPl-mCnc,Calcidiol�,MCnc�,Pt�,Ser/Plas�,Qn�,,Calcidiol,ng/mL,,
CHEM,1649-3,303,Calcitriol [Mass/volume] in Serum or Plasma,"1,25(OH)2D3 SerPl-mCnc",Calcitriol�,MCnc�,Pt�,Ser/Plas�,Qn�,,"Calcitriol, serum or plasma",pg/mL,,
CHEM,49765-1,21,Calcium [Mass/volume] in Blood,Calcium Bld-mCnc,Calcium,MCnc,Pt,Bld,Qn,,"Calcium mass concentration , blood",mg/dL,,Point of Care
CHEM,17861-6,209,Calcium [Mass/volume] in Serum or Plasma,Calcium SerPl-mCnc,Calcium,MCnc,Pt,Ser/Plas,Qn,,"Calcium, serum or plasma",mg/dL,,
CHEM,38230-9,N/A,Calcium.ionized [Mass/volume] in Blood,Ca-I Bld-mCnc,Calcium.ionized,MCnc,Pt,Bld,Qn,,"Calcium ionized mass concentration, blood",mg/dL,,
CHEM,1994-3,93,Calcium.ionized [Moles/volume] in Blood,Ca-I Bld-sCnc,Calcium.ionized,SCnc,Pt,Bld,Qn,,"Calcium ionized molar concentration , blood",mmol/L,x,
CHEM,10334-1,272,Cancer Ag 125 [Units/volume] in Serum or Plasma,Cancer Ag125 SerPl-aCnc,Cancer Ag 125,ACnc,Pt,Ser/Plas,Qn,,"Cancer Ag-125, serum or plasma",[arb'U]/mL,,
CHEM,6875-9,N/A,Cancer Ag 15-3 [Units/volume] in Serum or Plasma,Cancer Ag15-3 SerPl-aCnc,Cancer Ag 15-3�,ACnc�,Pt�,Ser/Plas�,Qn�,,"CA 15-3, serum or plasma",[arb'U]/mL,,
CHEM,24108-3,281,Cancer Ag 19-9 [Units/volume] in Serum or Plasma,Cancer Ag19-9 SerPl-aCnc,Cancer Ag 19-9�,ACnc�,Pt�,Ser/Plas�,Qn�,,"CA 19-9, serum or plasma",[arb'U]/mL,,
CHEM,17842-6,284,Cancer Ag 27-29 [Units/volume] in Serum or Plasma,Cancer Ag27-29 SerPl-aCnc,Cancer Ag 27-29�,ACnc�,Pt�,Ser/Plas�,Qn�,,"CA 27-29, serum or plasma",[arb'U]/mL,,
CHEM,2028-9,233,"Carbon dioxide, total [Moles/volume] in Serum or Plasma",CO2 SerPl-sCnc,Carbon dioxide�,SCnc�,Pt�,Ser/Plas�,Qn�,,"Carbon dioxide, serum or plasma",mmol/L,,
CHEM,2039-6,211,Carcinoembryonic Ag [Mass/volume] in Serum or Plasma,CEA SerPl-mCnc,Carcinoembryonic Ag,MCnc,Pt,Ser/Plas,Qn,,"Carcinoembryonic Ag, serum or plasma",ng/mL,,
CHEM,2078-4,197,Chloride [Moles/volume] in Urine,Chloride Ur-sCnc,Chloride,SCnc,Pt,Urine,Qn,,"Chloride, random Urine",mmol/L,,
CHEM,2093-3,124,Cholesterol [Mass/volume] in Serum or Plasma,Cholest SerPl-mCnc,Cholesterol,MCnc,Pt,Ser/Plas,Qn,,"Cholesterol, serum or plasma",mg/dL,,
CHEM,2085-9,282,Cholesterol in HDL [Mass/volume] in Serum or Plasma,HDLc SerPl-mCnc,Cholesterol.in HDL�,MCnc�,Pt�,Ser/Plas�,Qn�,,"HDL cholesterol, serum or plasma",mg/dL,,
CHEM,18262-6,266,Cholesterol in LDL [Mass/volume] in Serum or Plasma by Direct assay,LDLc SerPl Direct Assay-mCnc,Cholesterol.in LDL,MCnc,Pt,Ser/Plas,Qn,Direct Assay,"Cholesterol LDL, serum or plasma",mg/dL,,
CHEM,2106-3,94,Choriogonadotropin (pregnancy test) [Presence] in Urine,HCG Preg Ur Ql,Choriogonadotropin,ACnc,Pt,Urine,Ord,,hCG urine pregnancy test -- Qualitative,,,
CHEM,19080-1,180,Choriogonadotropin [Units/volume] in Serum or Plasma,HCG SerPl-aCnc,Choriogonadotropin,ACnc,Pt,Ser/Plas,Qn,,"hCG  reported quantitatively as international units, serum or plasma",m[IU]/mL; [IU]/mL,,"hCG and hCG Beta can range in value from 5 to 300,000 m[IU]/mL if pregnant, so labs may choose [IU]/mL for the larger numbers."
CHEM,21198-7,118,Choriogonadotropin.beta subunit [Units/volume] in Serum or Plasma,B-HCG SerPl-aCnc,Choriogonadotropin.beta subunit,SCnc,Pt,Ser/Plas,Qn,,"hCG Beta reported quantitatively as international units, serum or plasma",m[IU]/mL; [IU]/mL,,"hCG and hCG Beta can range in value from 5 to 300,000 m[IU]/mL if pregnant, so labs may choose [IU]/mL for the larger numbers."
CHEM,16695-9,225,Cobalamin (Vitamin B12) [Mass/volume] in Blood,Vit B12 Bld-mCnc,Cobalamins,MCnc,Pt,Bld,Qn,,"Vitamin B12, blood",pg/mL,x,
CHEM,2132-9,99,Cobalamin (Vitamin B12) [Mass/volume] in Serum,Vit B12 Ser-mCnc,Cobalamins,MCnc,Pt,Ser,Qn,,"Vitamin B12, serum or plasma",pg/mL,,
CHEM,4485-9,256,Complement C3 [Mass/volume] in Serum or Plasma,C3 SerPl-mCnc,Complement C3,MCnc,Pt,Ser/Plas,Qn,,"Complement C3, serum or plasma",mg/dL,,
CHEM,4498-2,253,Complement C4 [Mass/volume] in Serum or Plasma,C4 SerPl-mCnc,Complement C4�,MCnc,Pt,Ser/Plas,Qn,,"Complement C4, serum or plasma",mg/dL,,
CHEM,2141-0,304,Corticotropin [Mass/volume] in Plasma,ACTH Plas-mCnc,Corticotropin�,MCnc�,Pt�,Plas�,Qn�,,"Corticotropin, serum or plasma",pg/mL,,
CHEM,2143-6,244,Cortisol [Mass/volume] in Serum or Plasma,Cortis SerPl-mCnc,Cortisol�,MCnc�,Pt�,Ser/Plas�,Qn�,,"Cortisol, serum or plasma",ug/dL,,
CHEM,9813-7,287,Cortisol [Mass/volume] in Serum or Plasma --morning specimen,Cortis AM SerPl-mCnc,Cortisol^morning�,MCnc�,Pt�,Ser/Plas�,Qn�,,"Cortisol, morning, serum or plasma",ug/dL,,
CHEM,2157-6,56,Creatine kinase [Enzymatic activity/volume] in Serum or Plasma,CK SerPl-cCnc,Creatine kinase,CCnc,Pt,Ser/Plas,Qn,,"Creatine Kinase (enzyme), serum or plasma",U/L,,
CHEM,49551-5,32,Creatine kinase.MB [Mass/volume] in Blood,CK MB Bld-mCnc,Creatine kinase.MB,MCnc,Pt,Bld,Qn,,"Creatine kinase.MB mass concentration, blood",ng/mL,x,
CHEM,13969-1,25,Creatine kinase.MB [Mass/volume] in Serum or Plasma,CK MB SerPl-mCnc,Creatine kinase.MB,MCnc,Pt,Ser/Plas,Qn,,"Creatine Kinas MB mass concentration, serum or plasma",ng/mL,,
CHEM,38483-4,114,Creatinine [Mass/volume] in Blood,Creat Bld-mCnc,Creatinine,MCnc,Pt,Bld,Qn,,"Creatinine, blood  - eGFR usually included",mg/dL,x,
CHEM,2160-0,55,Creatinine [Mass/volume] in Serum or Plasma,Creat SerPl-mCnc,Creatinine,MCnc,Pt,Ser/Plas,Qn,,"Creatinine, serum or plasma - eGFR (usually) included",mg/dL,,
CHEM,2161-8,176,Creatinine [Mass/volume] in Urine,Creat Ur-mCnc,Creatinine,MCnc,Pt,Urine,Qn,,"Creatinine, random urine",mg/dL,,
CHEM,65634-8,236,Creatinine 24 hour urine panel,Creatinine 24H UR pnl,Creatinine 24 hour urine panel,_,24H,Urine,Qn�,,"Creatinine 24H, urine panel",,,This code would be the usual way to order a 24 hour urine creatinine. It includes the additional variables that are usually returned by the laboratory. Laboratories that accept 2162-6 Creatinine [Mass/time] in 24 hour urine as the order can continue to do so and return the parts of this panel that they currently do.
CHEM,34555-3,169,Creatinine 24H renal clearance panel,Creat 24H Cl Pnl Ur+SerPl,Creatinine renal clearance panel�,-0,24H,Urine+Ser/Plas�,Qn,,"Creatinine clearance, urine and serum or plasma",,x,
CHEM,2191-5,234,Dehydroepiandrosterone sulfate (DHEA-S) [Mass/volume] in Serum or Plasma,DHEA-S SerPl-mCnc,Dehydroepiandrosterone sulfate,MCnc,Pt,Ser/Plas,Qn,,"Dehydroepiandrosterone sulfate, serum or plasma",ug/dL; ng/mL,,
CHEM,15061-5,187,Erythropoietin (EPO) [Units/volume] in Serum or Plasma,EPO SerPl-aCnc,Erythropoietin,Acnc,Pt,Ser/Plas,Qn,,"Erythropoietin, serum or plasma",m[IU]/mL,,
CHEM,2243-4,130,Estradiol [Mass/volume] in Serum or Plasma,Estradiol SerPl-mCnc,Estradiol,MCnc,Pt,Ser/Plas,Qn,,"Estradiol, serum or plasma (prenatal screen)",pg/mL,,
CHEM,5640-8,227,Ethanol [Mass/volume] in Blood,Ethanol Bld-mCnc,Ethanol,MCnc,Pt,Bld,Qn,,"Ethanol, blood",mg/dL,x,Blood ethanol is the best calibrated and is preferred over serum
CHEM,5643-2,267,Ethanol [Mass/volume] in Serum or Plasma,Ethanol SerPl-mCnc,Ethanol,MCnc,Pt,Ser/Plas,Qn,,"Ethanol, serum or plasma",mg/dL,x,
CHEM,1558-6,249,Fasting glucose [Mass/volume] in Serum or Plasma,Glucose p fast SerPl-mCnc,Glucose^post CFst,MCnc,Pt,Ser/Plas,Qn,,"Glucose fasting, serum or plasma",mg/dL,,
CHEM,2276-4,95,Ferritin [Mass/volume] in Serum or Plasma,Ferritin SerPl-mCnc,Ferritin,MCnc,Pt,Ser/Plas,Qn,,"Ferritin, serum or plasma",ng/mL,,
CHEM,48065-7,161,Fibrin D-dimer FEU [Mass/volume] in Platelet poor plasma,D dimer FEU PPP-mCnc,Fibrin D-dimer FEU,MCnc,Pt,PPP,Qn,,"Fibrin D-Dimer  - measured, FEU unit, platelet poor plasma",ug/mL{FEU},,
CHEM,48798-3,N/A,First trimester maternal screen panel in Serum or Plasma,1st trimester maternal scn Pnl SerPl,First trimester maternal screen panel,-0,Pt,Ser/Plas,-0,,"First trimester maternal screen panel, serum or plasma",,,The LOINC members of this panel are examples and should not be taken as normative for what would be returned from an order.
CHEM,2284-8,135,Folate [Mass/volume] in Serum or Plasma,Folate SerPl-mCnc,Folate,MCNC,Pt,Ser/Plas,Qn,,"Folate, serum or plasma",ng/mL,,
CHEM,15067-2,105,Follitropin [Units/volume] in Serum or Plasma,FSH SerPl-aCnc,Follitropin,ACnc,Pt,Ser/Plas,Qn,,"Follitropin (FSH), serum or plasma",[IU]/L,,
CHEM,15069-8,309,Fructosamine [Moles/volume] in Serum or Plasma,Fructosamine SerPl-sCnc,Fructosamine�,SCnc�,Pt�,Ser/Plas�,Qn�,,"Fructosamine, serum or plasma",umol/L,,
CHEM,2324-2,85,Gamma glutamyl transferase [Enzymatic activity/volume] in Serum or Plasma,GGT SerPl-cCnc,Gamma glutamyl transferase,CCnc,Pt,Ser/Plas,Qn,,"Gamma glutamyl transferase, serum or plasma",U/L,,
CHEM,24341-0,17,Gas & Carbon monoxide panel in Arterial blood,Gas + CO Pnl BldA,Gas panel & Carbon   monoxide,-0,Pt,BldA,Qn,,"Gas panel W Carbon monoxide panel, blood -arterial",,x,
CHEM,24343-6,3,Gas & Carbon monoxide panel in Blood,Gas + CO Pnl Bld,Gas panel & Carbon   monoxide,-0,Pt,Bld,Qn,,"Gas panel W Carbon monoxide, blood",,x,"This term with blood as specimen is used by labs that report the type of blood, e.g. arterial, venous, etc. elsewhere."
CHEM,24336-0,22,Gas panel in Arterial blood,Gas Pnl BldA,Gas panel,-0,Pt,BldA,Qn,,"Gas panel, blood-arterial",,x,Arterial blood it the usual specimen of interest and this is the most common way it is ordered. 
CHEM,51974-4,133,Gas panel in Arterial cord blood,Gas Pnl BldCoA,Gas panel,-0,Pt,BldCoA,Qn,,"Gas panel, cord blood- arterial",,x,
CHEM,24338-6,257,Gas panel in Blood,Gas Pnl Bld,Gas panel,-0,Pt,Bld,Qn,,"Gas panel, blood",,x,
CHEM,2339-0,9,Glucose [Mass/volume] in Blood,Glucose Bld-mCnc,Glucose,MCnc,Pt,Bld,Qn,,"Glucose, blood",mg/dL,,
CHEM,2344-0,259,Glucose [Mass/volume] in Body fluid,Glucose Fld-mCnc,Glucose,MCnc,Pt,Body fld,Qn,,"Glucose, Body fluid",mg/dL,,
CHEM,32016-8,42,Glucose [Mass/volume] in Capillary blood,Glucose BldC-mCnc,Glucose,MCnc,Pt,BldC,Qn,,"Glucose, capillary blood",mg/dL,,
CHEM,41653-7,41,Glucose [Mass/volume] in Capillary blood by Glucometer,Glucose BldC Glucomtr-mCnc,Glucose,MCnc,Pt,BldC,Qn,,"Glucose, serum or plasma by glucometer (new code- used capillary counts to estimate)",mg/dL,,
CHEM,2342-4,260,Glucose [Mass/volume] in Cerebral spinal fluid,Glucose CSF-mCnc,Glucose,MCnc,Pt,CSF,Qn,,"Glucose, Cerebral spinal fluid (CSF)",mg/dL,,
CHEM,2345-7,120,Glucose [Mass/volume] in Serum or Plasma,Glucose SerPl-mCnc,Glucose,MCnc,Pt,Ser/Plas,Qn,,"Glucose, serum or plasma",mg/dL,,
CHEM,1504-0,171,Glucose [Mass/volume] in Serum or Plasma --1 hour post 50 g glucose PO,Glucose 1H p 50 g Glc PO SerPl-mCnc,Glucose^1H post 50 g glucose PO,MCnc,Pt,Ser/Plas,Qn,,"Glucose - one hour post 50g oral glucose, serum or plasma - gestational",mg/dL,,
CHEM,1518-0,258,Glucose [Mass/volume] in Serum or Plasma --2 hours post 75 g glucose PO,Glucose 2H p 75 g Glc PO SerPl-mCnc,Glucose^2H post 75 g glucose PO,MCnc,Pt,Ser/Plas,Qn,,"Glucose, serum or plasma -- 2 hours post 75 g glucose PO (not gestational)",mg/dL,,
CHEM,4542-7,255,Haptoglobin [Mass/volume] in Serum or Plasma,Haptoglob SerPl-mCnc,Haptoglobin,MCnc,Pt,Ser/Plas,Qn,,"Haptoglobin, serum or plasma",mg/dL,,
CHEM,29891-9,N/A,Helicobacter pylori [Presence] in Stomach by urea breath test,Urea Breath Test Ql,Carbon dioxide^post dose urea�,ACnc�,Pt�,Exhl gas�,Ord�,,Helicobacter pylori in Stomach by urea breath test,,,
CHEM,4548-4,48,Hemoglobin A1c/Hemoglobin.total in Blood,Hgb A1c MFr Bld,Hemoglobin A1c/Hemoglobin.total,MFr,Pt,Bld,Qn,,"Hb A1c, blood",%,,"Today, all US HbA1c measurements reported in the US (and many other countries) are standardized to the NGSP protocol and that has been true for years. This code (4548-4) should be used  for reporting the HbA1c in the US. Other countries may report HbA1c 59261-8 measure by the IFCC protocol a new protocol with results reported in units of mmol/mole. In Japan and parts of Spain it may be reported by the Japanese protocol.  All three protocols produce different numeric values."
CHEM,17856-6,50,Hemoglobin A1c/Hemoglobin.total in Blood by HPLC,Hgb A1c MFr Bld HPLC,Hemoglobin A1c/Hemoglobin.total,MFr,Pt,Bld,Qn,HPLC,"Hb A1c - HPLC Method, blood",%,,All HBA1c in US are standardized to the NGSP protocol and should not be necessary to distinguish by method
CHEM,2335-8,142,Hemoglobin.gastrointestinal [Presence] in Stool,Hemocult Stl Ql,Hemoglobin.gastrointestinal,ACnc,Pt,Stool,Ord,,"Occult blood test, stool ",,,
CHEM,29771-3,280,Hemoglobin.gastrointestinal [Presence] in Stool by Immunologic method,Occult Bld Stl Ql Imm,Hemoglobin.gastrointestinal�,ACnc�,Pt�,Stool�,Ord�,Imm,"Hemoglobin gastrointestinal, stool",,,
CHEM,13965-9,231,Homocysteine [Moles/volume] in Serum or Plasma,Homocysteine SerPl-sCnc,Homocysteine,SCnc,Pt,Ser/Plas,Qn,,"Homocysteine  molar concentration, serum or plasma",umol/L,,
CHEM,2458-8,157,IgA [Mass/volume] in Serum,IgA Ser-mCnc,IgA,MCnc,Pt,Ser,Qn,,"IgA concentration, serum",mg/dL,,
CHEM,19113-0,194,IgE [Units/volume] in Serum,IgE Ser-aCnc,IgE,ACnc,Pt,Ser,Qn,,"IgE, serum",k[IU]/L,,
CHEM,2465-3,222,IgG [Mass/volume] in Serum,IgG Ser-mCnc,IgG,MCnc,Pt,Ser,Qn,,"IgG concentration, serum",mg/dL,,
CHEM,2472-9,151,IgM [Mass/volume] in Serum,IgM Ser-mCnc,IgM,MCnc,Pt,Ser,Qn,,"IgM concentration, serum",mg/dL,,
CHEM,20448-7,220,Insulin [Units/volume] in Serum or Plasma,Insulin SerPl-aCnc,Insulin,ACnc,Pt,Ser/Plas,Qn,,"Insulin, serum or plasma",u[IU]/mL,,
CHEM,2484-4,301,Insulin-like growth factor-I [Mass/volume] in Serum or Plasma,IGF-I SerPl-mCnc,Insulin-like growth factor-I�,MCnc�,Pt�,Ser/Plas�,Qn,,"IGF-1, serum or plasma",ng/mL,,
CHEM,2498-4,270,Iron [Mass/volume] in Serum or Plasma,Iron SerPl-mCnc,Iron�,MCnc�,Pt�,Ser/Plas�,Qn,,Serum Iron,ug/L,,
CHEM,33058-9,163,Ketones [Mass/volume] in Serum or Plasma,Ketones SerPl-mCnc,Ketones,MCnc,Pt,Ser/Plas,Qn,,"Ketones, serum or plasma",mg/dL,,
CHEM,32693-4,164,Lactate [Moles/volume] in Blood,Lactate Bld-sCnc,Lactate,SCnc,Pt,Bld,Qn,,"Lactate molar concentration, blood",mmol/L,,
CHEM,2524-7,136,Lactate [Moles/volume] in Serum or Plasma,Lactate SerPl-sCnc,Lactate,SCnc,Pt,Ser/Plas,Qn,,"Lactate molar concentration, serum or plasma",mmol/L,x,
CHEM,2532-0,123,Lactate dehydrogenase [Enzymatic activity/volume] in Serum or Plasma,LDH SerPl-cCnc,Lactate dehydrogenase,CCnc,Pt,Ser/Plas,Qn,,"Lactate dehydrogenase (LDH), serum or plasma",U/L,,
CHEM,3040-3,44,Lipase [Enzymatic activity/volume] in Serum or Plasma,Lipase SerPl-cCnc,Triacylglycerol lipase,CCnc,Pt,Ser/Plas,Qn,,"Lipase, serum or plasma",U/L,,
CHEM,10501-5,127,Lutropin [Units/volume] in Serum or Plasma,LH SerPl-aCnc,Lutropin,ACnc,Pt,Ser/Plas,Qn,,"Lutropin (LH), serum or plasma",m[IU]/mL,,
CHEM,19123-9,27,Magnesium [Mass/volume] in Serum or Plasma,Magnesium SerPl-mCnc,Magnesium,MCnc,Pt,Ser/Plas,Qn,,"Magnesium, serum or plasma",mg/dL,,
CHEM,13964-2,296,Methylmalonate [Moles/volume] in Serum or Plasma,Methylmalonate SerPl-sCnc,Methylmalonate�,SCnc�,Pt�,Ser/Plas�,Qn,,"Methylmalonic Acid, serum or plasma",,,
CHEM,58431-8,24,Microalbumin panel in 24 hour Urine,Microalbumin panel 24H Ur,Microalbumin panel,-0,24H,Urine,-0,,Microalbumin Panel - 24H urine,,x,
CHEM,58447-4,N/A,Microalbumin/Creatinine panel in 24H Urine,Microalbumin/creat Pnl 24H Ur,Microalbumin/Creatinine ratio panel,-0,24H,Urine,Qn,,"Microalbumin/Creatinine Ratio Panel, 24H urine",,x,
CHEM,34535-5,75,Microalbumin/Creatinine panel in random Urine,Microalbumin/Creat ratio pnl Ur,Microalbumin/Creatinine ratio panel,-�,Pt,Urine,Qn,,"Microalbumin/Creatinine Ratio Panel, Random Urine",,x,
CHEM,53833-0,33,Myoglobin [Mass/volume] in Blood,Myoglobin Bld-mCnc,Myoglobin,MCnc,Pt,Bld,Qn,,"Myoglobin, blood",ng/mL,,
CHEM,2639-3,139,Myoglobin [Mass/volume] in Serum or Plasma,Myoglobin SerPl-mCnc,Myoglobin,MCnc,Pt,Ser/Plas,Qn,,"Myoglobin, serum or plasma",ng/mL,,
CHEM,42637-9,271,Natriutietic peptide B [Mass/volume] in Blood,BNP Bld-mCnc,Natriuretic peptide.B�,MCnc,Pt,Bld,Qn,,"BNP, blood",pg/mL,x,Point of care. The rapid assay (15 minutes) that can be done on whole blood
CHEM,30934-4,57,Natriutietic peptide B [Mass/volume] in Serum or Plasma,BNP SerPl-mCnc,Natriuretic peptide.B�,MCnc,Pt,Ser/Plas,Qn,,"BNP, serum or plasma",pg/mL,,
CHEM,54089-8,28,Newborn screening panel American Health Information Community (AHIC),NB Screen Pnl Patient AHIC,Newborn screening panel,_,Pt,^Patient,_,AHIC,Newborn screening panel tests - tests specified by birth state,,,"Use this code for ordering the full set of newborn screening tests ordered in your state, regardless of what tests are required and how the reports are formatted.  The list of tests within the panel should include all of the discrete tests you may wish to report in your state, but it is new formalism that is only beginning to be adopted . You may still use this code for ordering, if your state has not yet moved to a structured report."
CHEM,2695-5,181,Osmolality of Urine,Osmolality Ur,Osmolality,Osmol,Pt,Urine,Qn,,"Osmolality, random Urine",mosm/kg,,
CHEM,2731-8,178,Parathyrin.intact [Mass/volume] in Serum or Plasma,PTH-Intact SerPl-mCnc,Parathyrin.intact,MCnc,Pt,Ser/Plas,Qn,,"Parathyrin (PTH) intact, serum or plasma",pg/mL,,
CHEM,2777-1,29,Phosphate [Mass/volume] in Serum or Plasma,Phosphate SerPl-mCnc,Phosphate,MCnc,Pt,Ser/Plas,Qn,,"Phosphate (Phosphorus), serum or plasma",mg/dL,,
CHEM,6298-4,63,Potassium [Moles/volume] in Blood,Potassium Bld-sCnc,Potassium,SCnc,Pt,Bld,Qn,,"Potassium molar concentration , blood",mmol/L,x,
CHEM,2823-3,74,Potassium [Moles/volume] in Serum or Plasma,Potassium SerPl-sCnc,Potassium,SCnc,Pt,Ser/Plas,Qn,,"Potassium molar concentration, serum or plasma",mmol/L,,
CHEM,2828-2,182,Potassium [Moles/volume] in Urine,Potassium Ur-sCnc,Potassium,SCnc,Pt,Urine,Qn,,"Potassium Molar concentration, Urine",mmol/L,,
CHEM,14338-8,110,Prealbumin [Mass/volume] in Serum or Plasma,Prealb SerPl-mCnc,Prealbumin�,MCnc�,Pt�,Ser/Plas�,Qn,,"Prealbumin, serum or plasma",g/dL,,
CHEM,2837-3,N/A,Pregnenolone [Mass/volume] in Serum or Plasma,Preg SerPl-mCnc,Pregnenolone�,MCnc�,Pt�,Ser/Plas�,Qn,,"Pregnenolone, serum or plasma",ng/dL,,
CHEM,2839-9,146,Progesterone [Mass/volume] in Serum or Plasma,Progest SerPl-mCnc,Progesterone,MCnc,Pt,Ser/Plas,Qn,,"Progesterone, serum or plasma",ng/mL,,
CHEM,2842-3,148,Prolactin [Mass/volume] in Serum or Plasma,Prolactin SerPl-mCnc,Prolactin,MCnc,Pt,Ser/Plas,Qn,,"Prolactin, serum or plasma",ng/mL,,
CHEM,2857-1,122,Prostate specific Ag [Mass/volume] in Serum or Plasma,PSA SerPl-mCnc,Prostate specific Ag,MCnc,Pt,Ser/Plas,Qn,,"PSA, serum or plasma",ng/mL,,
CHEM,2881-1,223,Protein [Mass/volume] in Body fluid,Prot Fld-mCnc,Protein,MCnc,Pt,Body fld,Qn,,"Protein (total), Body fluid",g/dL,,
CHEM,2880-3,261,Protein [Mass/volume] in Cerebral spinal fluid,Prot CSF-mCnc,Protein,MCnc,Pt,CSF,Qn,,"Protein (total), Cerebral spinal fluid (CSF)",mg/dL,,
CHEM,2885-2,58,Protein [Mass/volume] in Serum or Plasma,Prot SerPl-mCnc,Protein,MCnc,Pt,Ser/Plas,Qn,,Protein (total)  in  serum or plasma,g/dL,,
CHEM,2888-6,192,Protein [Mass/volume] in Urine,Prot Ur-mCnc,Protein in random urine,MCnc,Pt,Urine,Qn,,"Protein (total), random urine",g/dL,,
CHEM,24351-9,140,Protein electrophoresis panel in Serum or Plasma,Prot Elph Pnl SerPl,Protein electrophoresis panel,-0,Pt,Ser/Plas,Qn,,Serum Protein Electrophoresis (SPE),,,
CHEM,2900-9,310,Pyridoxine [Mass/volume] in Serum or Plasma,Vit B6 SerPl-mCnc,Pyridoxine�,MCnc�,Pt�,Ser/Plas�,Qn,,"Vitamin B6, serum or plasma",ng/mL,,
CHEM,20507-0,215,Reagin Ab [Presence] in Serum by RPR,RPR Ser Ql,Reagin Ab,ACnc,Pt,Ser,Ord,RPR,"Reagin antibody RPR, serum - presence",,,
CHEM,2915-7,307,Renin [Enzymatic activity/volume] in Plasma,Renin Plas-cCnc,Renin�,CCnc�,Pt�,Plas�,Qn,,"Renin, plasma",ng/mL/h,,
CHEM,2923-1,300,Retinol [Mass/volume] in Serum or Plasma,Vit A SerPl-mCnc,Retinol�,MCnc�,Pt�,Ser/Plas�,Qn,,"Vitamin A, serum or plasma",mg/L; ug/dL,,
CHEM,48800-7,83,Second trimester quad maternal screen panel in Serum or Plasma,2nd trimester 4 screen Pnl SerPl,Second trimester quad maternal screen panel,-0,Pt,Ser/Plas,-0,,"Second trimeser quad maternal screen, serum or plasma",,,The LOINC members of this panel are examples and should not be taken as normative for what would be returned from an order.
CHEM,13967-5,306,Sex hormone binding globulin [Moles/volume] in Serum or Plasma,SHBG SerPl-sCnc,Sex hormone binding globulin�,SCnc�,Pt�,Ser/Plas�,Qn,,"Sex hormone binding globulin, serum or plasma",nmol/L,,
CHEM,2947-0,106,Sodium [Moles/volume] in Blood,Sodium Bld-sCnc,Sodium,SCnc,Pt,Bld,Qn,,"Sodium, blood",mmol/L,x,
CHEM,2951-2,107,Sodium [Moles/volume] in Serum or Plasma,Sodium SerPl-sCnc,Sodium,SCnc,Pt,Ser/Plas,Qn,,"Sodium, serum or plasma",mmol/L,,
CHEM,2955-3,92,Sodium [Moles/volume] in Urine,Sodium Ur-sCnc,Sodium,SCnc,Pt,Urine,Qn,,Sodium molar concentration in random Urine,mmol/L,,
CHEM,2986-8,82,Testosterone [Mass/volume] in Serum or Plasma,Testost SerPl-mCnc,Testosterone,MCnc,Pt,Ser/Plas,Qn,,"Testosterone, serum or plasma",ng/dL,,
CHEM,8098-6,198,Thyroglobulin Ab [Units/volume] in Serum or Plasma,Thyroglob Ab SerPl-aCnc,Thyroglobulin Ab,ACnc,Pt,Ser,Qn,,"Thyroglobulin antibody, serum",[IU]/mL,,
CHEM,30166-3,312,Thyroid stimulating immunoglobulins actual/normal in Serum,TSI Act/Nor Ser,Thyroid stimulating immunoglobulins actual/Normal�,RelMCnc�,Pt�,Ser�,Qn,,"Thyroid stimulating immunoglobulins, serum",%{basalactivity},,
CHEM,8099-4,167,Thyroperoxidase Ab [Units/volume] in Serum or Plasma,Thyroperoxidase Ab SerPl-aCnc,Thyroperoxidase Ab,ACnc,Pt,Ser,Qn,,"Thyroperoxidase antibody Quantitative, serum",[IU]/mL,,
CHEM,3016-3,79,Thyrotropin [Units/volume] in Serum or Plasma,TSH SerPl-aCnc,Thyrotropin,ACnc,Pt,Ser/Plas,Qn,,"Thyrotropin (TSH), serum or plasma-test sensitivity not specified",m[IU]/L,,
CHEM,11580-8,45,Thyrotropin [Units/volume] in Serum or Plasma by Detection limit <= 0.005 mU/L,TSH SerPl DL<=0.005 mU/L-aCnc,Thyrotropin,ACnc,Pt,Ser/Plas,Qn,Detection limit less than 0.001 mu/L ,"Thyrotropin (TSH), serum or plasma-high sensitivity method",m[IU]/L,,
CHEM,3026-2,46,Thyroxine (T4) [Mass/volume] in Serum or Plasma,T4 SerPl-mCnc,Thyroxine,MCnc,Pt,Ser/Plas,Qn,,"Thyroxine (T4), serum or plasma",ug/dL,,
CHEM,3024-7,72,Thyroxine (T4) free [Mass/volume] in Serum or Plasma,T4 Free SerPl-mCnc,Thyroxine.free,MCnc,Pt,Ser/Plas,Qn,,"Thyroxine (T4) - free, serum or plasma",ng/dL,,
CHEM,3034-6,207,Transferrin [Mass/volume] in Serum or Plasma,Transferrin SerPl-mCnc,Transferrin,MCnc,Pt,Ser/Plas,Qn,,"Transferrin, serum or plasma",mg/dL,,
CHEM,2571-8,134,Triglyceride [Mass/volume] in Serum or Plasma,Trigl SerPl-mCnc,Triglyceride,MCnc,Pt,Ser/Plas,Qn,,"Triglyceride, serum or plasma",mg/dL,,
CHEM,3053-6,104,Triiodothyronine (T3) [Mass/volume] in Serum or Plasma,T3 SerPl-mCnc,Triiodothyronine,MCnc,Pt,Ser/Plas,Qn,,"Triiodothyronine (T3), serum or plasma",ng/dL,,
CHEM,3051-0,121,Triiodothyronine (T3) Free [Mass/volume] in Serum or Plasma,T3Free SerPl-mCnc,Triiodothyronine.free,MCnc,Pt,Ser/Plas,Qn,,"Triiodothyronine (T3) -free, serum or plasma",pg/mL,,
CHEM,3050-2,69,Triiodothyronine (T3) resin uptake in Serum or Plasma,T3RU NFr SerPl,Triiodothyronine resin uptake,NFr,Pt,Ser/Plas,Qn,,"T3 Resin uptake (T3RU), serum or plasma",%,,
CHEM,42757-5,34,Troponin I.cardiac [Mass/volume] in Blood,Troponin I Bld-mCnc,Troponin I.cardiac,MCnc,Pt,Bld,Qn,,"Troponin I.cardiac, blood",ng/mL,,
CHEM,10839-9,30,Troponin I.cardiac [Mass/volume] in Serum or Plasma,Troponin I SerPl-mCnc,Troponin I.cardiac,MCnc,Pt,Ser/Plas,Qn,,"Troponin I. cardiac, serum or plasma",ng/mL,,
CHEM,3084-1,101,Urate [Mass/volume] in Serum or Plasma,Urate SerPl-mCnc,Urate,MCnc,Pt,Ser/Plas,Qn,,"Uric acid, serum or plasma",mg/dL,,
CHEM,6299-2,26,Urea nitrogen [Mass/volume] in Blood,BUN Bld-mCnc,Urea nitrogen,MCnc,Pt,Bld,Qn,,"Urea nitrogen (BUN), blood",mg/dL,,
CHEM,3094-0,208,Urea nitrogen [Mass/volume] in Serum or Plasma,BUN SerPl-mCnc,Urea Nitrogen,MCnc,Pt,Ser/Plas,Qn,,"Urea Nitrogen (BUN), serum or plasma",mg/dL,,
CHEM-Panel,24363-4,265,Acute hepatitis 2000 panel in Serum Qualitative,Acute Hep 2000 Pnl Ser,Acute hepatitis 2000 panel,_,Pt,Ser,Ord,,"Acute hepatitis 2000 panel, Serum - Qualitative",,,
CHEM-panel,24321-2,2,Basic metabolic 2000 panel in Serum or Plasma,Bas Metab 2000 Pnl SerPl,Basic metabolic 2000 panel,-0,Pt,Ser/Plas,Qn,,"Basic Metabolic panel (CMS), serum or plasma",,,
CHEM-panel,24323-8,1,Comprehensive metabolic 2000 panel in Serum or Plasma,Comp Metab 2000 Pnl SerPl,Comprehensive metabolic 2000 panel,-0,Pt,Ser/Plas,Qn,,"Comprehensive metabolic  panel (CMS), serum or plasma",,,
CHEM-panel,24326-1,131,Electrolytes 1998 panel in Serum or Plasma,Lytes 1998 Pnl SerPl,Electrolytes 1998 panel,-0,Pt,Ser/Plas,Qn,,"Electrolytes panel (CMS), serum or plasma",,,
CHEM-panel,55231-5,119,Electrolytes panel in Blood,Lytes Pnl Bld,Electrolytes panel,-�,Pt,Bld,Qn,,"Electrolytes panel, blood",,x,Point of care.
CHEM-panel,24325-3,18,Hepatic function 2000 panel in Serum or Plasma,Hep Func 2000 Pnl SerPl,Hepatic function 2000 panel,-0,Pt,Ser/Plas,Qn,,"Hepatic function panel (CMS), serum or plasma",,,
CHEM-panel,50190-8,39,Iron & Iron binding capacity panel in Serum or Plasma,Iron+TIBC Pnl SerPl,Iron & Iron binding capacity panel,-0,Pt,Ser/Plas,Qn,,Iron and Iron binding  panel,,,
CHEM-panel,24331-1,11,Lipid 1996 panel in Serum or Plasma,Lipid 1996 Pnl SerPl,Lipid 1996 panel,-0,Pt,Ser/Plas,Qn,,"Lipid panel (CMS) [calculated LDL - not measured], serum or plasma",,,
CHEM-Panel,57698-3,N/A,Lipid panel with direct LDL in Serum or Plasma,Lipid pnl with direct LDL SerPl,Lipid panel with direct LDL,,Pt,Ser/Plas,Qn,,"Lipid panel W measured LDL, serum or plasma",,,
CHEM-Panel,24364-2,314,Obstetric 1996 panel in Serum & Blood,Obstetric 1996 Pnl Ser+Bld,,_,Pt,Ser+Bld,_,,"Obstetric 1996 panel, serum & blood",,,
CHEM-panel,24362-6,19,Renal function 2000 panel in Serum or Plasma,Renal Func 2000 Pnl SerPl,Renal function 2000 panel,-0,Pt,Ser/Plas,Qn,,"Renal function panel (CMS), serum or plasma",,,
COAG,3184-9,149,Activated clotting time in Blood by Coagulation assay,ACT Time Bld,Coagulation activated,Time,Pt,Bld,Qn,Coag,"Activated coagulation time, blood",s,,
COAG,3173-2,65,Activated partial thrombplastin time (aPTT) in Blood by Coagulation assay,aPTT Time Bld,Coagulation surface induced,Time,Pt,Bld,Qn,Coag,"Activated partial thromboplastin time (aPTT), blood",s,,
COAG,14979-9,36,Activated partial thrombplastin time (aPTT) in Platelet poor plasma by Coagulation assay,aPTT Time PPP,Coagulation surface induced,Time,Pt,PPP,Qn,Coag,"Activated partial thromboplastin time (aPTT), blood (POC)",s,,
COAG,3174-0,279,Antithrombin [Units/volume] in Platelet poor plasma by Chromogenic method,AT III PPP Chro-aCnc,Antithrombin�,ACnc�,Pt�,PPP�,Qn�,Chromo,Antithrombin Activity in PPP,U/mL,,
COAG,3255-7,155,Fibrinogen [Mass/volume] in Platelet poor plasma by Coagulation assay,Fibrinogen PPP-mCnc,Fibrinogen,MCnc,Pt,PPP,Qn,Coag,"Fibrinogen, platelet poor plasma",mg/dL,,
COAG,34528-0,52,PT panel in Platelet poor plasma by Coagulation assay,PT Pnl PPP,PT Panel,,Pt,PPP,Qn,Coag,"Protime & INR panel, PPP ",,,
DRUG/TOX,5574-9,67,Aluminum [Mass/volume] in Serum or Plasma,Aluminum SerPl-mCnc,Aluminum�,MCnc,Pt,Ser/Plas,Qn,,"Aluminum, serum or plasma",ug/L,,
DRUG/TOX,19261-7,103,Amphetamines [Presence] in Urine by Screen method,Amphetamines Ur Ql Scn,Amphetamines,ACnc,Pt,Urine,Ord,Screen,"Amphetamines presence Screen, Urine",,,
DRUG/TOX,19270-8,129,Barbiturates [Presence] in Urine by Screen method,Barbiturates Ur Ql Scn,Barbiturates,ACnc,Pt,Urine,Ord,Screen,"Barbiturates presence Screen method, Urine",,,
DRUG/TOX,14316-4,89,Benzodiazepines [Presence] in Urine by Screen method,Benzodiaz Ur Ql Scn,Benzodiazepines,ACnc,Pt,Urine,Ord,Screen,"Benzodiazepines presence, Screen method, Urine",,,
DRUG/TOX,18282-4,49,Cannabinoids [Presence] in Urine by Screen method,Cannabinoids Ur Ql Scn,Cannabinoids,ACnc,Pt,Urine,Ord,Screen,"Cannabinoids presence  by Screen method, urine",,,
DRUG/TOX,3432-2,229,Carbamazepine [Mass/volume] in Serum or Plasma,Carbamazepine SerPl-mCnc,Carbamazepine,MCnc,Pt,Ser/Plas,Qn,,"Carbamazepine, serum or plasma",ug/mL,,
DRUG/TOX,65632-2,188,Clozapine & Norclozapine panel in Serum or Plasma,Clozapine+Nor pnl SerPl,Clozapine & Norclozapine panel,_,Pt,Ser/Plas,_,,"Clozapine & Norclozapine panel, serum or plasma ",,,
DRUG/TOX,6896-5,189,Clozapine [Mass/volume] in Serum or Plasma,Clozapine SerPl-mCnc,Clozapine,MCnc,Pt,Ser/Plas,Qn,,"Clozapine, serum or plasma",ng/mL,,
DRUG/TOX,3520-4,269,Cyclosporine [Mass/volume] in Blood,Cyclosporin Bld-mCnc,Cyclosporine�,MCnc�,Pt�,Bld�,Qn�,,"Cyclosporine, blood",,,
DRUG/TOX,32997-9,251,Cyclosporine [Mass/volume] in Blood --2 hours post dose,Cyclosporin 2H p Bld-mCnc,Cyclosporine^2H post dose,MCnc,Pt,Bld,Qn,,"Cyclosporine 2H post dose, serum or plasma - quantitative",ng/mL,,
DRUG/TOX,10535-3,156,Digoxin [Mass/volume] in Serum or Plasma,Digoxin SerPl-mCnc,Digoxin,MCnc,Pt,Ser/Plas,Qn,,"Digoxin, serum or plasma",ng/mL,,
DRUG/TOX,65750-2,37,Drugs of abuse 5 panel in Urine by Screen,Drugs of Abuse 5 Pnl Ur Scn,Drugs of abuse 5 panel,,Pt,Urine,,Screen,Drugs of abuse screen in urine (5 drug) panel,,,"Positive results will almost always need confirm testing, which is often done by reflex, and often involves an extra charge."
DRUG/TOX,45324-1,N/A,Ethyl glucuronide [Mass/volume] in Urine,Ethyl glucuronide Ur-mCnc,Ethyl glucuronide�,MCnc�,Pt�,Urine�,Qn�,,"Ethyl Glucuronide, Urine",ng/mL,,
DRUG/TOX,3665-7,191,Gentamicin [Mass/volume] in Serum or Plasma --trough,Gentamicin Trough SerPl-mCnc,Gentamicin^trough,MCnc,Pt,Ser/Plas,Qn,,"Gentamicin trough, serum or plasma",ug/mL,,
DRUG/TOX,6948-4,295,Lamotrigine [Mass/volume] in Serum or Plasma,Lamotrigine SerPl-mCnc,Lamotrigine�,MCnc�,Pt�,Ser/Plas�,Qn,,"Lamotrigine, serum or plasma",ug/mL,,
DRUG/TOX,5671-3,143,Lead [Mass/volume] in Blood,Lead Bld-mCnc,Lead,MCnc,Pt,Bld,Qn,,"Lead, blood",ug/dL,,
DRUG/TOX,30471-7,294,Levetiracetam [Mass/volume] in Serum or Plasma,Levetiracetam SerPl-mCnc,Levetiracetam�,MCnc�,Pt�,Ser/Plas�,Qn,,"Levetiracetam, serum or plasma",ug/mL,,
DRUG/TOX,14334-7,179,Lithium [Moles/volume] in Serum or Plasma,Lithium SerPl-sCnc,Lithium�,SCnc�,Pt�,Ser/Plas�,Qn,,"Lithium, serum or plasma",mmol/L,,
DRUG/TOX,3948-7,137,Phenobarbital [Mass/volume] in Serum or Plasma,Phenobarb SerPl-mCnc,Phenobarbital,MCnc,Pt,Ser/Plas,Qn,,"Phenobarbital, serum or plasma",ug/mL,,
DRUG/TOX,3968-5,213,Phenytoin [Mass/volume] in Serum or Plasma,Phenytoin SerPl-mCnc,Phenytoin,MCnc,Pt,Ser/Plas,Qn,,"Phenytoin, serum or plasma",ug/mL,,
DRUG/TOX,4024-6,111,Salicylates [Mass/volume] in Serum or Plasma,Salicylates SerPl-mCnc,Salicylates,MCnc,Pt,Ser/Plas,Qn,,"Salicylates, serum or plasma",mg/dL,,
DRUG/TOX,11253-2,128,Tacrolimus [Mass/volume] in Blood,Tacrolimus Bld-mCnc,Tacrolimus,MCnc,Pt,Bld,Qn,,"Tacrolimus, blood",ng/mL,,
DRUG/TOX,32721-3,113,Tacrolimus [Mass/volume] in Serum or Plasma,Tacrolimus SerPl-mCnc,Tacrolimus,MCnc,Pt,Ser/Plas,Qn,,"Tacrolimus, serum or plasma",ng/mL,,
DRUG/TOX,4086-5,174,Valproate [Mass/volume] in Serum or Plasma,Valproate SerPl-mCnc,Valproate,MCnc,Pt,Ser/Plas,Qn,,"Valproate, serum or plasma",ug/mL,,
DRUG/TOX,20578-1,204,Vancomycin [Mass/volume] in Serum or Plasma,Vancomycin SerPl-mCnc,Vancomycin,MCnc,Pt,Ser/Plas,Qn,,"Vancomycin, serum or plasma",ug/mL,,Use for random vancomycin
DRUG/TOX,4092-3,186,Vancomycin [Mass/volume] in Serum or Plasma --trough,Vancomycin Trough SerPl-mCnc,Vancomycin,MCnc,Pt,Ser/Plas,Qn,,"Vancomycin, serum or plasma --trough",ug/mL,,
DRUG/TOX,5763-8,278,Zinc [Mass/volume] in Serum or Plasma,Zinc SerPl-mCnc,Zinc�,MCnc�,Pt�,Ser/Plas�,Qn,,"Zinc, serum or plasma",ug/mL; ug/dL,,
HEM,57021-8,4,CBC W Auto Differential panel in Blood,CBC W Auto Diff Bld,CBC W Auto Differential panel,Pt,-0,Bld,Qn,,"CBC W Auto Differential panel, blood",,,
HEM,57022-6,5,CBC W Reflex Manual Differential panel in Blood,CBC W Reflex Manual Diff Bld,CBC W Reflex Manual Differential panel,Pt,-0,Bld,Qn,,"CBC W Reflex Manual Differential panel, blood",,,
HEM,57782-5,6,CBC with Ordered Manual Differential panel in Blood,CBC W ordered manual diff Bld,CBC W Ordered Manual Differential panel,-0,Pt,Bld,Qn,,"CBC W Ordered Manual Differential panel, blood",,,
HEM,34557-9,116,Cell count & Differential panel in Body fluid,Cell Cnt + Diff Pnl Fld,CSF Cell count & Differential panel,-0,Pt,Body fld,Qn,,"Cell and differential count, sterile body fluid that is not blood, urine or CSF",,X,The LOINC members of this panel are examples and should not be taken as normative for what would be returned from an order.
HEM,34564-5,86,Cell count & Differential panel in Cerebral spinal fluid,Cell Cnt + Diff Pnl CSF,Cell count & Differential panel,-0,Pt,CSF,Qn,,"Cell counts and differential, Cerebral Spinal Fluid (CSF)",,X,The LOINC members of this panel are examples and should not be taken as normative for what would be returned from an order.
HEM,34556-1,173,Cell count panel in Body fluid,Cell Cnt Pnl Fld,Cell count panel,-0,Pt,Body fld,Qn,,"Cell count panel, Body fluid",,X,The LOINC members of this panel are examples and should not be taken as normative for what would be returned from an order.
HEM,34563-7,240,Cell count panel in Cerebral spinal fluid,Cell Cnt Pnl CSF,Cell count panel,-0,Pt,CSF,Qn,,"Cell count panel, Cerebral spinal fluid (CSF)",,X,The LOINC members of this panel are examples and should not be taken as normative for what would be returned from an order.
HEM,4532-8,299,Complement total hemolytic CH50 [Units/volume] in Serum or Plasma,CH50 SerPl-aCnc,Complement total hemolytic CH50�,ACnc�,Pt�,Ser/Plas�,Qn�,,"CH50 Complement, serum or plasma",{CAE'U}/mL,,
HEM,58410-2,7,Complete blood count (hemogram) panel in Blood by Automated count,CBC (hemogram) Bld Auto,CBC WO Differential panel,Pt,-0,Bld,Qn,,"CBC  (hemogram)  panel, blood",,,
HEM,30341-2,96,Erythrocyte sedimentation rate,ESR Bld Qn,Erythrocyte sedimentation rate,Vel,Pt,Bld,Qn,,"Sed rate - method unspecified, blood",mm/h,,
HEM,4537-7,141,Erythrocyte sedimentation rate by Westergren method,ESR Bld Qn Westrgrn,Erythrocyte sedimentation rate,Vel,Pt,Bld,Qn,Westergren,"Sed rate  by Westergren method, blood",mm/h,,
HEM,4544-3,61,Hematocrit [Volume Fraction] of Blood by Automated count,Hct VFr Bld Auto,Hematocrit�,VFr�,Pt�,Bld�,Qn�,Automated count,"Hematocrit, Automated, blood",%,,
HEM,24360-0,275,Hemoglobin & Hematocrit panel in Blood,Hgb+Hct Pnl Bld,Hemoglobin & Hematocrit panel,-�,Pt,Bld,Qn,,"Hemoglobin & Hematocrit panel, blood",,,
HEM,718-7,66,Hemoglobin [Mass/volume] in Blood,Hgb Bld-mCnc,Hemoglobin,MCnc,Pt,Bld,Qn,,"Hemoglobin concentration, blood (ordered by itself)",g/dL,,
HEM,6864-3,219,Hemoglobin S [Presence] in Blood by Solubility test,Hgb S Bld Ql Soly,Hemoglobin S,ACnc,Pt,Bld,Ord,Solubility test,"Hemoglobin S  presence (pos/neg), blood",,,
HEM,13655-6,144,Leukocytes [Presence] in Stool by Light microscopy,WBC Stl Ql Micro,Leukocytes,ACnc,Pt,Stool,Ord,Microscopy.light,"Leukocytes presence, Stool by Light microscopy",,,
HEM,26515-7,235,Platelets [#/volume] in Blood,Platelet # Bld,Platelets,NCnc,Pt,Bld,Qn,,"Platelet Count, blood",10*3/uL,,
HEM,17849-1,91,Reticulocytes/100 erythrocytes in Blood by Automated count,Retics/100 RBC NFr Auto,Reticulocytes/100 erythrocytes,NFr,Pt,RBC,Qn,Automated count,Reticulocytes/100 RBCs  by Automated count,%,,
MICRO,595-9,218,Bacteria identified in Abscess by Aerobe culture,Bacteria Absc Aerobe Cult,Bacteria identified,Prid,Pt,Abs,Nom,Aerobic culture,Abscess culture -aerobic,,,
MICRO,600-7,8,Bacteria identified in Blood by Culture,Bacteria Bld Cult,Bacteria identified,Prid,Pt,Bld,Nom,Culture,Blood culture,,,
MICRO,611-4,47,Bacteria identified in Body fluid by Culture,Bacteria Fld Cult,Bacteria identified,Prid,Pt,Body fld,Nom,Aerobic culture,"Body fluid (other than blood, urine or CSF) - culture",,,
MICRO,19128-8,147,Bacteria identified in Catheter tip by Culture,Bacteria Cath Tip Cult,Bacteria identified,Prid,Pt,Ctp,Nom,Culture,Blood catheter tip culture,,,
MICRO,606-4,62,Bacteria identified in Cerebral spinal fluid by Culture,Bacteria CSF Cult,Bacteria identified,Prid,Pt,CSF,Nom,Culture,Cerebral spinal fluid culture,,,
MICRO,10352-3,73,Bacteria identified in Genital specimen by Aerobe culture,Bacteria Genital Aerobe Cult,Bacteria identified,Prid,Pt,Genital,Nom,Aerobic culture,Genital aerobic culture -routine,,,
MICRO,619-7,N/A,Bacteria identified in Peritoneal fluid by Culture,Bacteria Prt Cult,Bacteria identified,Prid,Pt,Periton fld,Nom,Culture,Peritoneal fluid culture - routine,,,
MICRO,624-7,38,Bacteria identified in Sputum by Respiratory culture,Bacteria Spt Resp Cult,Bacteria identified,Prid,Pt,Sputum,Nom,Respiratory culture,Sputum (lower respiratory) culture,,,
MICRO,625-4,51,Bacteria identified in Stool by Culture,Bacteria Stl Cult,Bacteria identified,Prid,Pt,Stool,Nom,Culture,Stool (feces) culture -routine,,,
MICRO,621-3,N/A,Bacteria identified in Synovial fluid by Culture,Bacteria Snv Cult,Bacteria identified,Prid,Pt,Synv fld,Nom,Culture,Synovial fluid culture - routine,,,
MICRO,20474-3,84,Bacteria identified in Tissue by Biopsy culture,Bacteria Tiss Bx Cult,Bacteria identified,Prid,Pt,Tiss,Nom,Biopsy culture,"Biopsy specimen culture, tissue",,,
MICRO,634-6,35,Bacteria identified in Unspecified specimen by Aerobe culture,Bacteria XXX Aerobe Cult,Bacteria identified,Prid,Pt,XXX,Nom,Aerobic culture,Aerobic culture-specimen not specified,,,
MICRO,635-3,59,Bacteria identified in Unspecified specimen by Anaerobe culture,Bacteria XXX Anaerobe Cult,Bacteria identified,Prid,Pt,XXX,Nom,Anaerobic culture,Anaerobic culture,,,
MICRO,630-4,10,Bacteria identified in Urine by Culture,Bacteria Ur Cult,Bacteria identified,Prid,Pt,Urine,Nom,Culture,Urine culture routine,,,
MICRO,6462-6,12,Bacteria identified in Wound by Culture,Bacteria Wnd Cult,Bacteria identified,Prid,Pt,Wound,Nom,Culture,Wound culture routine,,,
MICRO,62341-3,160,Borrelia burgdorferi Ab.IgG+IgM with reflex to immune blot panel in Serum,B burgdor IgG+IgM W reflex to IB pnl Ser,Borrelia burgdorferi Ab.IgG+IgM with reflex to immune blot panel ,,Pt,Ser,,,"Borrelia burgdorferi antibody IgG and IgM with reflex to immune blot panel, Serum",,,
MICRO,6331-3,237,Campylobacter sp identified in Stool by Organism specific culture,Campylobacter Stl Cult,Campylobacter sp identified,Prid,Pt,Stool,Nom,Organism specific culture,"Campylobacter sp culture, stool",,,
MICRO,47000-5,246,Candida sp rRNA [Presence] in Vaginal fluid by DNA probe,Candida rRNA Vag Ql Prb,Candida sp rRNA,ACnc,Pt,Vag,Ord,Probe,"Candida sp rRNA, vaginal specimen",,,
MICRO,34713-8,112,Clostridium difficile toxin A+B [Presence] in Stool,C dif Tox A+B Stl Ql,Clostridium difficile toxin A+B,ACnc,Pt,Stool,Ord,,"Clostridium Dificile toxin A+B, stool",,,
MICRO,7885-7,243,Epstein Barr virus capsid IgG Ab [Units/volume] in Serum,EBV VCA IgG Ser-aCnc,Epstein Barr virus capsid Ab.IgG,ACnc,Pt,Ser,Qn,,"Epstein Barr virus capsid IgG antibody, serum",[arb'U]/mL,,
MICRO,7886-5,245,Epstein Barr virus capsid IgM Ab [Units/volume] in Serum,EBV VCA IgM Ser-aCnc,Epstein Barr virus capsid Ab.IgM,ACnc,Pt,Ser,Qn,,"Epstein Barr virus capsid IgM antibody, serum",[arb'U]/mL,,
MICRO,24007-7,145,Epstein Barr virus early IgG Ab [Units/volume] in Serum,EBV EA IgG Ser-aCnc,Epstein Barr virus early Ab.IgG,ACnc,Pt,Ser,Qn,,"Epstein Barr virus early IgG antibody, serum - Quantitative",[arb'U]/mL,,
MICRO,21262-1,238,Escherichia coli shiga-like [Presence] in Stool by Immunoassay,E coli SLTEC Stl Ql EIA,Escherichia coli shiga-like,ACnc,Pt,Stool,Ord,EIA,"Escherichia coli shiga-like presence, stool",,,
MICRO,601-5,81,Fungus identified in Blood by Culture,Fungus Bld Cult,Fungus identified,Prid,Pt,Bld,Nom,Culture,"Fungus, blood culture",,,
MICRO,580-1,23,Fungus identified in Unspecified specimen by Culture,Fungus XXX Cult,Fungus identified,Prid,Pt,XXX,Nom,Culture,Fungus culture any specimen,,,
MICRO,6410-5,247,Gardnerella vaginalis rRNA [Presence] in Genital specimen by DNA probe,G vaginalis rRNA Genital Ql Prb,Gardnerella vaginalis rRNA,ACnc,Pt,Genital,Ord,Probe,"Gardnerella vaginalis rRNA, genital specimen",,,
MICRO,6412-1,298,Giardia lamblia Ag [Presence] in Stool by Immunoassay,G lamblia Ag Stl Ql EIA,Giardia lamblia Ag�,ACnc�,Pt�,Stool�,Ord�,EIA,"Giardia lamblia Ag, stool",,,
MICRO,29891-9,N/A,Helicobacter pylori [Presence] in Stomach by urea breath test,Urea Breath Test Ql,Helicobacter pylori,Acnc,Pt,Exhl gas,Ord,tagged  urea breath test,Helicobacter pylori present by breath test,,,
MICRO,17780-8,274,Helicobacter pylori Ag [Presence] in Stool by Immunoassay,H pylori Ag Stl Ql EIA,Helicobacter pylori Ag,ACnc,Pt,Stool,Ord,EIA,"Helicobacter pylori Ag presence, Stool",,,
MICRO,17780-8,302,Helicobacter pylori Ag [Presence] in Stool by Immunoassay,H pylori Ag Stl Ql EIA,Helicobacter pylori Ag�,ACnc�,Pt�,Stool�,Ord�,EIA,"Helicobacter pylori Ag, stool",,,
MICRO,5176-3,212,Helicobacter pylori IgG Ab [Units/volume] in Serum by Immunoassay,H pylori IgG Ser EIA-aCnc,Helicobacter pylori Ab.IgG,ACnc,Pt,Ser,Qn,EIA,"Helicobacter pylori antibody.IgG, serum -  Quantitative ",{index_value},,
MICRO,13951-9,N/A,Hepatitis A virus Ab [Presence] in Serum by Immunoassay,HAV Ab Ser Ql EIA,Hepatitis A virus Ab�,ACnc�,Pt�,Ser�,Ord�,EIA,"HAV Ab, Total [IgG and IgM], serum",,,
MICRO,13950-1,150,Hepatitis A virus IgM Ab [Presence] in Serum by Immunoassay,HAV IgM Ser Ql EIA,Hepatitis A virus IgM Ab,ACnc,Pt,Ser,Ord,EIA,"Hepatitis A virus IgM Ab, serum qualitative ",,,
MICRO,13952-7,N/A,Hepatitis B virus core Ab [Presence] in Serum by Immunoassay,HBV core Ab Ser Ql EIA,Hepatitis B virus core Ab�,ACnc�,Pt�,Ser�,Ord�,EIA,"Hepatitis B virus core Ab, serum",,,
MICRO,24113-3,158,Hepatitis B virus core IgM Ab [Presence] in Serum by Immunoassay,HBV core IgM Ser Ql EIA,Hepatitis B virus core Ab.IgM,ACnc,Pt,Ser,Ord,EIA,"Hepatitis B virus core -IgM antibody presence, serum",,,
MICRO,13953-5,N/A,Hepatitis B virus e Ab [Presence] in Serum by Immunoassay,HBV e Ab Ser Ql EIA,Hepatitis B virus little e Ab�,ACnc�,Pt�,Ser�,Ord�,EIA,"Hepatitis B virus little e Ab, serum",,,
MICRO,13954-3,N/A,Hepatitis B virus e Ag [Presence] in Serum by Immunoassay,HBV e Ag Ser Ql EIA,Hepatitis B virus little e Ag�,ACnc�,Pt�,Ser�,Ord�,EIA,"Hepatitis B virus little e Ag, serum",,,
MICRO,5193-8,162,Hepatitis B virus surface Ab [Units/volume] in Serum by Immunoassay,HBV surface Ab Ser EIA-aCnc,Hepatitis B virus surface Ab�,ACnc�,Pt�,Ser�,Qn�,EIA,"Hepatitis B virus surface Ab, serum",m[IU]/mL,,
MICRO,5196-1,138,Hepatitis B virus surface Ag [Presence] in Serum by Immunoassay,HBV surface Ag Ser Ql EIA,Hepatitis B virus surface Ag,ACnc,Pt,Ser,Ord,EIA,"Hepatitis B surface presence, serum or plasma",,,This is a screening test and a positive result will be confirmed by a second method - usually neutralization.  Some laboratories will  apply an extra charge for the confirm; some do not.
MICRO,5198-7,90,Hepatitis C virus Ab [Units/volume] in Serum by Immunoassay,HCV Ab Ser EIA-aCnc,Hepatitis C virus Ab,ACnc,Pt,Ser,Qn,EIA,Hepatitis C virus antibody [units/volume] in serum by immunoassay,{index_value},x,Usually needs confirmatory testing by RIBA  or molecular testing
MICRO,32286-7,292,Hepatitis C virus genotype [Identifier] in Serum or Plasma by Probe & target amplification method,HCV Gentyp SerPl PCR,Hepatitis C virus genotype�,Prid�,Pt�,Ser/Plas�,Nom�,Probe.amp.tar,"HCV Genotype, serum or plasma",,,Used to detect resistance to antivirals
MICRO,5206-8,224,Herpes simplex virus 1 IgG Ab [Units/volume] in Serum by Immunoassay,HSV1 IgG Ser EIA-aCnc,Herpes simplex virus 1 Ab.IgG quantitative by immunologic method ,ACnc,Pt,Ser,Qn,EIA,"Herpes simplex virus 1 IgG antibody [units/volume], serum by immunoassay",{index_value},,
MICRO,5209-2,172,Herpes simplex virus 2 IgG Ab [Units/volume] in Serum by Immunoassay,HSV2 IgG Ser EIA-aCnc,Herpes simplex virus 2 Ab.IgG,ACnc,Pt,Ser,Qn,EIA,"Herpes simplex virus 2 IgG antibody [units/volume], serum by immunoassay",{index_value},,
MICRO,5859-4,153,Herpes simplex virus identified in Unspecified specimen by Organism specific culture,HSV XXX Cult,Herpes simplex virus identified,Prid,Pt,XXX,Nom,Organism specific culture,Herpes simplex virus identified by Organism-specific culture,,,
MICRO,31418-7,262,Heterophile Ab [Presence] in Serum,Heteroph Ab Ser Ql,Heterophile Ab,ACnc,Pt,Ser,Ord,,"Heterophile antibodies, serum ",,,
MICRO,5213-4,263,Heterophile Ab [Presence] in Serum by Latex agglutination,Heteroph Ab Ser Ql LA,Heterophile Ab�,ACnc�,Pt�,Ser�,Ord�,LA,"Heterophile Ab, serum",,,
MICRO,20447-9,168,HIV 1 RNA [#/volume] (viral load) in Serum or Plasma by Probe & target amplification method,HIV1 RNA # SerPl PCR,HIV 1 RNA,NCnc,Pt,Ser/Plas,Qn,Probe.amp.tar,"HIV 1 viral load by Probe & target amplification method, serum or plasma",{copies}/mL,,
MICRO,22357-8,76,HIV 1+2 Ab [Units/volume] in Serum,HIV1+2 Ab Ser-aCnc,HIV 1+2 Ab�,ACnc�,Pt,Ser,Qn,,"HIV 1+2 antibody, serum or plasma quantitative",{index_value},,
MICRO,48346-1,71,HIV 1+O+2 Ab [Units/volume] in Serum or Plasma,HIV 1+O+2 Ab SerPl-aCnc,HIV 1+O+2 Ab,ACnc,Pt,Ser/Plas,Qn,,"HIV1 - HIV  1 Grp O +HIV2 Ab, serum - quantitative",,,
MICRO,30167-1,54,Human papilloma virus 16+18+31+33+35+39+45+51+52+56+58+59+68 DNA [Presence] in Cervix by Probe & signal amplification method,HPV I/H Risk 1 DNA Cervix Ql bDNA,Human papilloma virus 16+18+31+33+35+39+45+51+52+56+58+59+68 DNA,ACnc,Pt,Cvx,Ord,Probe.amp.sig,HPV DNA - High and moderate carcinoma risk strains in cervical specimen by DNA by signal amplification - qualitative,,,
MICRO,42481-2,226,Human papilloma virus 6+11+42+43+44 DNA [Presence] in Cervix by Probe & signal amplification method,HPV Low Risk DNA Cervix Ql bDNA,Human papilloma virus 6+11+42+43+44 DNA,ACnc,Pt,Cvx,Ord,Probe.amp.sig,"HPV DNA- strains with Low carcinoma high risk- genital warts, cervical specimen DNA by signal amplification",,,
MICRO,24015-0,195,Influenza virus A+B Ag [Presence] in Unspecified specimen,FLUAV+FLUBV Ag XXX Ql,Influenza virus A+B Ag,ACnc,Pt,XXX,Ord,,"Influenza virus A+B Ag presence, Unspecified specimen",,,
MICRO,48509-4,201,Influenza virus A+B RNA [Identifier] in Unspecified specimen by Probe & target amplification method,FLUAV+FLUBV RNA XXX PCR,Influenza virus A &or B  RNA,Prid,Pt,XXX,Nom,Probe.amp.tar,Influenza virus A &/or B RNA  by Probe & target amplification method,,,
MICRO,31870-9,97,Legionella pneumophila Ag [Presence] in Urine,L pneumo Ag Ur Ql,Legionella pneumophila Ag,ACnc,Pt,Urine,Ord,,"Legionella pneumophila Ag prescence, Urine",,,
MICRO,5244-9,290,Measles virus IgG Ab [Units/volume] in Serum by Immunoassay,MeV IgG Ser EIA-aCnc,Measles virus Ab.IgG�,ACnc�,Pt�,Ser�,Qn,EIA,"Rubeola (Measles) Ab, IgG, serum",{index_value},,
MICRO,35492-8,53,Methicillin resistant Staphylococcus aureus (MRSA) DNA [Presence] by Probe & target amplification method,MRSA DNA XXX Ql PCR,Staphylococcus aureus.methicillin resistant DNA,ACnc,Pt,XXX,Ord,Probe.amp.tar,MRSA detection  by genetic method,,,
MICRO,13317-3,87,Methicillin resistant Staphylococcus aureus [Presence] in Unspecified specimen by Organism specific culture,MRSA XXX Ql Cult,Staphylococcus aureus.methicillin resistant isolate,ACnc,Pt,XXX,Ord,Organism specific culture,MRSA by detection by  culture- and susceptibility,,,
MICRO,51714-4,232,Microscopic observation [Identifier] in Blood by Giemsa stain,Gie Stn Bld,Microscopic observation,Prid,Pt,Bld,Nom,Giemsa stain,"Giemsa stain for parasites, blood",,,
MICRO,11545-1,152,Microscopic observation [Identifier] in Unspecified specimen by Acid fast stain,Acid fast Stn XXX,Microscopic observation,Prid,Pt,XXX,Nom,Acid fast stain,Acid fast stain of smeared specimen,,,
MICRO,664-3,31,Microscopic observation [Identifier] in Unspecified specimen by Gram stain,Gram Stn XXX,Microscopic observation,Prid,Pt,XXX,Nom,Gram stain,Gram stain of smeared specimen,,,
MICRO,667-6,159,Microscopic observation [Identifier] in Unspecified specimen by KOH preparation,KOH Prep XXX,Microscopic observation,Prid,Pt,XXX,Nom,KOH preparation,KOH preparation for detecting  fungi,,,
MICRO,680-9,77,Microscopic observation [Identifier] in Unspecified specimen by Wet preparation,Wet Prep XXX,Microscopic observation,Prid,Pt,XXX,Nom,Wet preparation,Wet prep for trichomas Vaginals & Cue cells,,,
MICRO,6476-6,288,Mumps virus IgG Ab [Presence] in Serum by Immunoassay,MuV IgG Ser Ql EIA,Mumps virus Ab.IgG,ACnc,Pt,Ser,Ord,EIA,"Mumps virus IgG antibody, serum - presence",,,
MICRO,25418-5,289,Mumps virus IgG Ab [Units/volume] in Serum by Immunoassay,MuV IgG Ser EIA-aCnc,Mumps virus Ab.IgG,ACnc,Pt,ser,Qn,EIA,"Mumps virus IgG antibody, serum - quantitative",{index_value},,
MICRO,543-9,20,Mycobacterium sp identified in Unspecified specimen by Organism specific culture,Mycobacterium XXX Cult,Mycobacterium sp identified,Prid,Pt,XXX,Nom,Organism specific culture,TB culture,,,
MICRO,10701-1,78,Ova+Parasites identified in Stool by Concentration,O+P Stl Conc,Ova+Parasites identified,Prid,Pt,Stool,Nom,Concentration,Ova & parasites stool exam,,,Approach recommended by CDC
MICRO,5274-6,283,Parvovirus B19 IgM Ab [Units/volume] in Serum by Immunoassay,B19V IgM Ser EIA-aCnc,Parvovirus B19 Ab.IgM�,ACnc�,Pt�,Ser�,Qn,EIA,"Parvovirus B19 IgM Ab Quantitative, Serum by Immunoassay",{index_value},,
MICRO,31147-2,206,Reagin Ab [Titer] in Serum by RPR,RPR Ser-Titr,Reagin Ab,Titr,Pt,Ser,Qn,RPR,"Reagin (Syphilis) antibody, serum",{titer},,CDC recommends reflex to titer where RPR QL is positive
MICRO,5334-8,125,Rubella virus IgG Ab [Units/volume] in Serum by Immunoassay,RUBV IgG Ser EIA-aCnc,Rubella virus Ab.IgG,ACnc,Pt,Ser,Qn,EIA,"Rubella Virus IgG antibody, serum - quantitative",[IU]/mL,,
MICRO,43371-4,N/A,Salmonella sp/Shigella sp identified in Stool by Organism specific culture,Salm/Shig Stl Cult,Salmonella sp &or Shigella sp identified,Prid,Pt,Stool,Nom,Organism specific culture,"Salmonella sp &or Shigella sp identified, stool",,,
MICRO,584-3,193,Streptococcus agalactiae [Presence] in Vaginal fluid by Organism specific culture,Gp B Strep Vag Ql Cult,Streptococcus agalactiae,ACnc,Pt,Vag,Ord,Organism specific culture,"Streptococcus agalactiae, vaginal culture",,,
MICRO,11268-0,183,Streptococcus pyogenes [Presence] in Throat by Organism specific culture,S pyo Throat Ql Cult,Streptococcus pyogenes,ACnc,Pt,Thrt,Ord,Organism specific culture,Streptococcus pyogenes throat culture,,,
MICRO,18481-2,43,Streptococcus pyogenes Ag [Presence] in Throat,S pyo Ag Throat Ql,Streptococcus pyogenes Ag,ACnc,Pt,Thrt,Ord,,"Streptococcus pyogenes  antigen, throat swab",,,
MICRO,5370-2,286,Streptolysin O Ab [Units/volume] in Serum,ASO Ab Ser-aCnc,Streptolysin O Ab�,ACnc�,Pt�,Ser�,Qn,,"Anti-Streptolysin O, serum",[IU]/mL,,
MICRO,6568-0,248,Trichomonas vaginalis rRNA [Presence] in Genital specimen by DNA probe,T vaginalis rRNA Genital Ql Prb,Trichomonas vaginalis rRNA,ACnc,Pt,Genital,Ord,Probe,"Trichomonas vaginalis rRNA, genital specimen",,,
MICRO,5403-1,214,Varicella zoster virus IgG Ab [Units/volume] in Serum by Immunoassay,VZV IgG Ser EIA-aCnc,Varicella zoster virus Ab.IgG,ACnc,Pt,Ser,Qn,EIA,"Varicella zoster virus IgG Ab, serum by immunoassay -  Quantitative ",{index_value},,
MICRO,5404-9,N/A,Varicella zoster virus IgM Ab [Units/volume] in Serum by Immunoassay,VZV IgM Ser EIA-aCnc,Varicella zoster virus Ab.IgM�,ACnc�,Pt�,Ser�,Qn,EIA,"Varicella Zoster Virus Ab, IgM, serum",{index_value},,
MICRO ,21613-5,64,Chlamydia trachomatis DNA [Presence] in Unspecified specimen by Probe & target amplification method,C trach DNA XXX Ql PCR,Chlamydia trachomatis DNA,ACnc,Pt,XXX,Ord,Probe.amp.tar,Chlamydia trachomatis DNA by PCR- Probe,,,
MICRO ,50387-0,98,Chlamydia trachomatis rRNA [Presence] in Cervix by Probe & target amplification method,C trach rRNA Cervix Ql PCR,Chlamydia trachomatis rRNA,ACnc,Pt,Cvx,Ord,Probe.amp.tar,"Chlamydia trachomatis rRNA, cervix",,,
MICRO ,43304-5,88,Chlamydia trachomatis rRNA [Presence] in Unspecified specimen by Probe & target amplification method,C trach rRNA XXX Ql PCR,Chlamydia trachomatis rRNA ,ACnc,Pt,XXX,Ord,Probe.amp.tar,Chlamydia trachomatis present by rRNA,,,
MICRO ,53925-4,175,Chlamydia trachomatis rRNA [Presence] in Urethra by Probe & target amplification method,C trach rRNA Urth Ql PCR,Chlamydia trachomatis rRNA,ACnc,Pt,Urethra,Ord,Probe.amp.tar,Chlamydia trachomatis rRNA [Presence] in Urethra by Probe & target amplification method,,,
MICRO ,42931-6,217,Chlamydia trachomatis rRNA [Presence] in Urine by Probe & target amplification method ,C trach rRNA Ur Ql PCR ,Chlamydia trachomatis rRNA,ACnc,Pt,Urine,Ord,Probe.amp.tar ," Chlamydia trachomatis rRNA [Presence], Urine by Probe & target amplification method ",,,
MICRO ,24111-7,60,Neisseria gonorrhoeae DNA [Presence] in Unspecified specimen by Probe & target amplification method,N gonorrhoea DNA XXX Ql PCR,Neisseria gonorrhoeae DNA,ACnc,Pt,XXX,Ord,Probe.amp.tar,Neisseria gonorrhoeae DNA by PCR - probe,,,PCR on DNA is less sensitive than the newer rRNA PCR techniques
MICRO ,50388-8,100,Neisseria gonorrhoeae rRNA [Presence] in Cervix by Probe & target amplification method,N gonorrhoea rRNA Cervix Ql PCR,Neisseria gonorrhoeae rRNA,ACnc,Pt,Cvx,Ord,Probe.amp.tar,"Neisseria gonorrhoea rRNA, cervix ",,,
MICRO ,5028-6,228,Neisseria gonorrhoeae rRNA [Presence] in Unspecified specimen by DNA probe,N gonorrhoea rRNA XXX Ql Prb,Neisseria gonorrhoeae rRNA,ACnc,Pt,XXX,Ord,Probe,Neisseria gonorrhoeae present by rRNA,,,
MICRO ,43305-2,277,Neisseria gonorrhoeae rRNA [Presence] in Unspecified specimen by Probe & target amplification method,N gonorrhoea rRNA XXX Ql PCR,Neisseria gonorrhoeae rRNA,ACnc,Pt,XXX,Ord,Probe.amp.tar,Neisseria gonorrhoea present by rRNA,,,use for specimens other than cervix/vagina urine and urethra
MICRO ,53927-0,165,Neisseria gonorrhoeae rRNA [Presence] in Urethra by Probe & target amplification method,N gonorrhoea rRNA Urth Ql PCR,Neisseria gonorrhoeae rRNA,ACnc,Pt,Urethra,Ord,Probe.amp.tar,Neisseria gonorrhoeae rRNA [Presence] in Urethra by Probe & target amplification method,,,
MICRO ,60256-5,166,Neisseria gonorrhoeae rRNA [Presence] in Urine by Probe & target amplification method,N gonorrhoea rRNA Ur Ql PCR,Neisseria gonorrhoeae rRNA,ACnc,Pt,Urine,Ord,Probe.amp.tar,Neisseria gonorrhoeae rRNA [Presence] in Urine by Probe & target amplification method,,,With PCR on rRNA - urine can be used as specimen
MICRO ,582-7,239,Streptococcus agalactiae [Presence] in Genital specimen by Organism specific culture,Gp B Strep Genital Ql Cult,Streptococcus agalactiae,ACnc,Pt,Genital,Ord,Organism specific culture,Streptococcus agalactiae genital culture,,,
MOLPATH,21654-9,252,CFTR gene mutations found [Identifier] in Blood or Tissue by Molecular genetics method Nominal,CFTR Mut Anal Bld/T,CFTR gene mutation analysis,Prid,Pt,Bld/Tiss,Nom,Molgen,"CFTR gene mutation analysis, Blood or tissue",,,
PANEL.CELLMARK,65758-5,264,CD4 T-cell absolute panel in Blood by Flow cytometry,CD4 T-cell absolute pnl Bld FC,CD4 T-cell absolute panel,_,Pt,Bld,_,Flow cytometry,"CD4 T-cell absolute panel, blood by Flow cytometry",,,
PANEL.CELLMARK,65759-3,196,T-Cell Subsets CD4 & CD8,T-cell subsets CD4+CD8 pnl Bld,T-Cell Subsets CD4 & CD8,_,Pt,Bld,_,,"T-cell CD4:CD8 panel, blood",,,
PANEL.SERO,24319-6,268,Cardiolipin IgG & IgM panel in Serum,Cardiolipin IgG+IgM Pnl Ser,Cardiolipin Ab.IgG & IgM panel�,-�,Pt�,Ser�,Qn�,,"Anticardiolipin Antibody Panel G, M, A, serum ",,,
PATH,11529-5,70,Surgical pathology study,,Study report,Find,Pt,^Patient,Doc,,Surgical pathology report,,X,
SERO,33935-8,305,Cyclic citrullinated peptide IgG Ab [Units/volume] in Serum,cCP IgG Ser-aCnc,Cyclic citrullinated peptide Ab.IgG�,ACnc�,Pt�,Ser�,Qn�,,"CCP IgG Ab, serum",[arb'U]/mL,,
SERO,5130-0,230,DNA double strand Ab [Units/volume] in Serum,dsDNA Ab Ser-aCnc,DNA double strand Ab,ACnc,Pt,Ser,Qn,,"DNA double strand antibody, serum or plasma  - quantitative",[IU]/mL,,
SERO,47383-5,199,Nuclear Ab [Presence] in Serum by Immunoassay,ANA Ser Ql EIA,Nuclear Ab,ACnc,Pt,Ser,Ord,EIA,"Nuclear Ab [Presence], Serum by Immunoassay",,,
SERO,29953-7,N/A,Nuclear Ab [Titer] in Serum,ANA Titr Ser,Nuclear Ab,Titr,Pt,Ser,Qn,,"ANA Titer, Serum",{titer},,
SERO,5047-6,200,Nuclear Ab [Units/volume] in Serum by Immunoassay,ANA Ser EIA-aCnc,Nuclear Ab,ACnc,Pt,Ser,Qn,EIA,"Nuclear Ab, serum by Immunoassay - quantitative",[arb'U],x,
SERO,11572-5,115,Rheumatoid factor [Units/volume] in Serum,Rheumatoid fact Ser-aCnc,Rheumatoid factor,ACnc,Pt,Ser,Qn,,"Rheumatoid factor, serum - quantitative",[IU]/mL,,
SERO,17792-3,242,Sjogrens syndrome-A extractable nuclear Ab [Units/volume] in Serum,ENA SS-A Ab Ser-aCnc,Sjogrens syndrome-A extractable nuclear Ab,ACnc,Pt,Ser,Qn,,"Sjogrens syndrome-A extractable nuclear antibody, serum - quantitative",[arb'U]/mL,,
SERO,17791-5,241,Sjogrens syndrome-B extractable nuclear Ab [Units/volume] in Serum,ENA SS-B Ab Ser-aCnc,Sjogrens syndrome-B extractable nuclear Ab,ACnc,Pt,Ser,Qn,,"Sjogrens syndrome-B extractable nuclear antibody, serum - quantitative",[arb'U]/mL,,
SERO,11090-8,311,Smith extractable nuclear Ab [Units/volume] in Serum,ENA SM Ab Ser-aCnc,Smith extractable nuclear Ab�,ACnc�,Pt�,Ser�,Qn,,"Smith extractable nuclear Ab, serum",{index_value},,
SERO,55727-2,205,Tissue transglutaminase Ab.IgA & IgG panel [Presence] in Serum,tTG IgA+IgG Pnl Ser,Tissue transglutaminase Ab.IgA & IgG panel,ACnc,Pt,Ser,Ord,,"Tissue transglutaminase Ab.IgA & IgG panel, serum - qualitative",,,The LOINC members of this panel are examples and should not be taken as normative for what would be returned from an order.
SERO,31017-7,216,Tissue transglutaminase IgA Ab [Units/volume] in Serum,tTG IgA Ser-aCnc,Tissue transglutaminase Ab.IgA,ACnc,Pt,Ser,Qn,,"Tissue transglutaminase IgA antibody, serum -  quantitative",[arb'U]/mL,,
SERO,32998-7,313,Tissue transglutaminase IgG Ab [Units/volume] in Serum,tTG IgG Ser-aCnc,Tissue transglutaminase Ab.IgG�,ACnc�,Pt�,Ser�,Qn,,"Tissue transglutaminase IgG Ab, quantitative, serum",,,
UA,24356-8,14,Urinalysis complete panel in Urine,Urinalysis complete pnl Ur,Urinalysis panel,-0,Pt,Urine,-0,,Urinalysis (UA)  Complete (Dip stick and microscopic),,,
UA,58077-9,15,Urinalysis complete W Reflex Culture panel in Urine,UA complete W Reflex Culture pnl Ur,Urinalysis complete W Reflex Culture panel�,-�,Pt,Urine,-�,,Urinalysis (UA)  complete W Reflex Culture panel,,x,
UA,57020-0,16,Urinalysis dipstick W Reflex Microscopic panel in Urine,UA dipstick W Reflex Micro pnl Ur,Urinalysis dipstick W Reflex Microscopic panel,-0,Pt,Urine,-0,,UA dipstick W Reflex to Microscopic,,,
UA,24357-6,13,Urinalysis macro (dipstick) panel in Urine,UA Dipstick Pnl Ur,Urinalysis  dipstick panel,-0,Pt,Urine,-0,,Urinalysis (UA) macroscopic (dipstick) panel,,x,
